{"cameraMode":{"drawMode":0,"name":"Shaded","section":"Shading Mode"},"sceneLighting":false,"audioPlay":false,"sceneViewState":{"showFog":true,"showMaterialUpdate":false,"showSkybox":false,"showFlares":true,"showImageEffects":true,"showParticleSystems":true},"in2DMode":false,"pivot":{"x":12.917021751403809,"y":4.679780960083008,"z":0.08123648911714554},"rotation":{"x":-0.001500352518633008,"y":-0.005999652668833733,"z":-0.000009024720384331886,"w":0.9999809265136719},"size":14.16675853729248,"orthographic":true}