{"cameraMode":{"drawMode":0,"name":"Shaded","section":"Shading Mode"},"sceneLighting":true,"audioPlay":false,"sceneViewState":{"showFog":true,"showMaterialUpdate":false,"showSkybox":true,"showFlares":true,"showImageEffects":true,"showParticleSystems":true},"in2DMode":false,"pivot":{"x":-2.7061290740966799,"y":1.2369725704193116,"z":-0.7100973129272461},"rotation":{"x":-0.0355742871761322,"y":-0.07787556201219559,"z":-0.0027805075515061619,"w":0.9963243007659912},"size":8.159244537353516,"orthographic":false}