{"cameraMode":{"drawMode":0,"name":"Shaded","section":"Shading Mode"},"sceneLighting":false,"audioPlay":false,"sceneViewState":{"showFog":true,"showMaterialUpdate":false,"showSkybox":false,"showFlares":true,"showImageEffects":true,"showParticleSystems":true},"in2DMode":false,"pivot":{"x":10.281490325927735,"y":2.6555099487304689,"z":12.042250633239746},"rotation":{"x":-0.4148256778717041,"y":-0.2535333037376404,"z":0.12153378129005432,"w":-0.8653728365898132},"size":1.5288474559783936,"orthographic":false}