{"cameraMode":{"drawMode":0,"name":"Shaded","section":"Shading Mode"},"sceneLighting":true,"audioPlay":false,"sceneViewState":{"showFog":true,"showMaterialUpdate":false,"showSkybox":true,"showFlares":true,"showImageEffects":true,"showParticleSystems":true},"in2DMode":false,"pivot":{"x":0.7718839645385742,"y":12.52400016784668,"z":18.415233612060548},"rotation":{"x":-0.12183258682489395,"y":-0.8571887612342835,"z":0.44071975350379946,"w":-0.23696070909500123},"size":19.934608459472658,"orthographic":true}