{"cameraMode":{"drawMode":0,"name":"Shaded","section":"Shading Mode"},"sceneLighting":false,"audioPlay":false,"sceneViewState":{"showFog":true,"showMaterialUpdate":false,"showSkybox":false,"showFlares":true,"showImageEffects":true,"showParticleSystems":true},"in2DMode":false,"pivot":{"x":-1.827497124671936,"y":2.3942012786865236,"z":4.614105224609375},"rotation":{"x":0.020997432991862298,"y":0.009895497001707554,"z":-0.00020790573034901172,"w":0.9997305870056152},"size":11.829036712646485,"orthographic":true}