{"cameraMode":{"drawMode":0,"name":"Shaded","section":"Shading Mode"},"sceneLighting":false,"audioPlay":false,"sceneViewState":{"showFog":true,"showMaterialUpdate":false,"showSkybox":false,"showFlares":true,"showImageEffects":true,"showParticleSystems":true},"in2DMode":false,"pivot":{"x":27.021390914916993,"y":-3.1705892086029054,"z":10.576030731201172},"rotation":{"x":0.03857051208615303,"y":0.9421277046203613,"z":-0.11646951735019684,"w":0.31199783086776736},"size":32.62024688720703,"orthographic":true}