{"cameraMode":{"drawMode":0,"name":"Shaded","section":"Shading Mode"},"sceneLighting":false,"audioPlay":false,"sceneViewState":{"showFog":true,"showMaterialUpdate":false,"showSkybox":false,"showFlares":true,"showImageEffects":true,"showParticleSystems":true},"in2DMode":false,"pivot":{"x":1.4736285209655762,"y":0.5451774001121521,"z":-0.013113679364323616},"rotation":{"x":0.018029339611530305,"y":-0.7068776488304138,"z":0.01802927255630493,"w":0.7068762183189392},"size":6.704167366027832,"orthographic":false}