{"cameraMode":{"drawMode":0,"name":"Shaded","section":"Shading Mode"},"sceneLighting":true,"audioPlay":false,"sceneViewState":{"showFog":true,"showMaterialUpdate":false,"showSkybox":true,"showFlares":true,"showImageEffects":true,"showParticleSystems":true},"in2DMode":false,"pivot":{"x":-58.85107421875,"y":-19.654184341430665,"z":38.462677001953128},"rotation":{"x":0.12132042646408081,"y":-0.47050005197525027,"z":0.06549303233623505,"w":0.8715627789497376},"size":76.05989074707031,"orthographic":false}