{"cameraMode":{"drawMode":0,"name":"Shaded","section":"Shading Mode"},"sceneLighting":true,"audioPlay":false,"sceneViewState":{"showFog":true,"showMaterialUpdate":false,"showSkybox":true,"showFlares":true,"showImageEffects":true,"showParticleSystems":true},"in2DMode":false,"pivot":{"x":0.07146665453910828,"y":1.0252549648284913,"z":0.21799999475479127},"rotation":{"x":0.20549698173999787,"y":0.016146987676620485,"z":-0.0033910158090293409,"w":0.9785186648368836},"size":4.807997226715088,"orthographic":true}