{"cameraMode":{"drawMode":0,"name":"Shaded","section":"Shading Mode"},"sceneLighting":true,"audioPlay":false,"sceneViewState":{"showFog":true,"showMaterialUpdate":false,"showSkybox":true,"showFlares":true,"showImageEffects":true,"showParticleSystems":true},"in2DMode":false,"pivot":{"x":0.07146656513214112,"y":1.576765537261963,"z":0.2493520975112915},"rotation":{"x":-0.15864872932434083,"y":0.667876660823822,"z":-0.14886611700057984,"w":-0.7117656469345093},"size":7.796119689941406,"orthographic":false}