{"cameraMode":{"drawMode":0,"name":"Shaded","section":"Shading Mode"},"sceneLighting":false,"audioPlay":false,"sceneViewState":{"showFog":true,"showMaterialUpdate":false,"showSkybox":false,"showFlares":true,"showImageEffects":true,"showParticleSystems":true},"in2DMode":false,"pivot":{"x":-5.960464477539063e-8,"y":0.6717382073402405,"z":0.0},"rotation":{"x":0.33568036556243899,"y":-0.33446648716926577,"z":0.12888552248477937,"w":0.8711138963699341},"size":3.129244089126587,"orthographic":false}