{"cameraMode":{"drawMode":0,"name":"Shaded","section":"Shading Mode"},"sceneLighting":true,"audioPlay":false,"sceneViewState":{"showFog":true,"showMaterialUpdate":false,"showSkybox":true,"showFlares":true,"showImageEffects":true,"showParticleSystems":true},"in2DMode":false,"pivot":{"x":-2.7061290740966799,"y":1.481849193572998,"z":-0.7100973129272461},"rotation":{"x":0.33568036556243899,"y":-0.33446648716926577,"z":0.12888552248477937,"w":0.8711138963699341},"size":7.613296985626221,"orthographic":false}